Adam Gawęda,polski,4,PiS
Adam Gawęda,sąd,1,PiS
Adam Gawęda,trybunał,3,PiS
Adam Gawęda,unia,3,PiS
Adam Śnieżek,polski,1,PiS
Adam Śnieżek,unia,1,PiS
Adam Szłapka,konstytucja,2,PO
Adam Szłapka,polak,3,PO
Adam Szłapka,sąd,5,PO
Adam Szłapka,trybunał,1,PO
Adrian Zandberg,kobieta,5,Lewica
Adrian Zandberg,konstytucja,4,Lewica
Adrian Zandberg,polak,3,Lewica
Adrian Zandberg,polski,32,Lewica
Adrian Zandberg,praworządność,1,Lewica
Adrian Zandberg,sąd,1,Lewica
Adrian Zandberg,trybunał,1,Lewica
Adrian Zandberg,unia,3,Lewica
Agnieszka Dziemianowicz-Bąk,kobieta,2,Lewica
Agnieszka Dziemianowicz-Bąk,konstytucja,4,Lewica
Agnieszka Dziemianowicz-Bąk,polak,12,Lewica
Agnieszka Dziemianowicz-Bąk,polski,24,Lewica
Agnieszka Dziemianowicz-Bąk,sąd,2,Lewica
Agnieszka Dziemianowicz-Bąk,trybunał,1,Lewica
Agnieszka Dziemianowicz-Bąk,unia,2,Lewica
Agnieszka Górska,kobieta,1,PiS
Agnieszka Górska,polski,7,PiS
Agnieszka Hanajczyk,polak,2,PO
Agnieszka Hanajczyk,polski,3,PO
Agnieszka Pomaska,kobieta,2,PO
Agnieszka Pomaska,polak,2,PO
Agnieszka Ścigaj,kobieta,17,PSL
Agnieszka Ścigaj,konstytucja,3,PSL
Agnieszka Ścigaj,polak,3,PSL
Agnieszka Ścigaj,polski,20,PSL
Agnieszka Ścigaj,sąd,3,PSL
Agnieszka Ścigaj,trybunał,6,PSL
Agnieszka Ścigaj,unia,5,PSL
Agnieszka Soin,polski,1,PiS
Aleksander Miszalski,konstytucja,1,PO
Aleksander Miszalski,polak,6,PO
Aleksander Miszalski,polski,6,PO
Aleksander Miszalski,sąd,3,PO
Aleksander Miszalski,trybunał,1,PO
Aleksander Miszalski,unia,2,PO
Aleksander Mrówczyński,polski,7,PiS
Aleksander Mrówczyński,unia,2,PiS
Aleksandra Gajewska,kobieta,4,PO
Aleksandra Gajewska,konstytucja,1,PO
Aleksandra Gajewska,polski,7,PO
Aleksandra Gajewska,trybunał,3,PO
Aleksandra Gajewska,unia,1,PO
Aleksandra Szczudło,polak,1,PiS
Aleksandra Szczudło,unia,2,PiS
Andrzej Adamczyk,polak,3,PiS
Andrzej Adamczyk,polski,6,PiS
Andrzej Gawron,polski,2,PiS
Andrzej Gawron,unia,1,PiS
Andrzej Grzyb,konstytucja,1,PSL
Andrzej Grzyb,polak,1,PSL
Andrzej Grzyb,polski,20,PSL
Andrzej Grzyb,praworządność,1,PSL
Andrzej Grzyb,trybunał,2,PSL
Andrzej Grzyb,unia,19,PSL
Andrzej Gut-Mostowy,polski,1,PiS
Andrzej Kosztowniak,sąd,4,PiS
Andrzej Kosztowniak,unia,2,PiS
Andrzej Kryj,polak,1,PiS
Andrzej Kryj,polski,1,PiS
Andrzej Matusiewicz,kobieta,1,PiS
Andrzej Matusiewicz,konstytucja,9,PiS
Andrzej Matusiewicz,polski,4,PiS
Andrzej Matusiewicz,sąd,3,PiS
Andrzej Matusiewicz,trybunał,5,PiS
Andrzej Szejna,kobieta,7,Lewica
Andrzej Szejna,polak,4,Lewica
Andrzej Szejna,polski,16,Lewica
Andrzej Szejna,praworządność,9,Lewica
Andrzej Szejna,trybunał,1,Lewica
Andrzej Szejna,unia,21,Lewica
Andrzej Szewiński,unia,3,PO
Andrzej Szlachta,polak,1,PiS
Andrzej Szlachta,polski,2,PiS
Andrzej Szlachta,unia,5,PiS
Anita Czerwińska,polak,5,PiS
Anita Czerwińska,polski,16,PiS
Anita Czerwińska,praworządność,3,PiS
Anita Czerwińska,unia,9,PiS
Anita Kucharska-Dziedzic,kobieta,6,Lewica
Anita Kucharska-Dziedzic,polak,3,Lewica
Anita Kucharska-Dziedzic,polski,9,Lewica
Anita Kucharska-Dziedzic,sąd,2,Lewica
Anita Kucharska-Dziedzic,unia,5,Lewica
Anita Sowińska,konstytucja,3,Lewica
Anita Sowińska,polak,4,Lewica
Anita Sowińska,polski,13,Lewica
Anita Sowińska,sąd,5,Lewica
Anita Sowińska,trybunał,2,Lewica
Anita Sowińska,unia,24,Lewica
Anna Gembicka,kobieta,18,PiS
Anna Gembicka,konstytucja,2,PiS
Anna Gembicka,polak,1,PiS
Anna Gembicka,polski,1,PiS
Anna Krupka,polski,3,PiS
Anna Kwiecień,kobieta,6,PiS
Anna Kwiecień,konstytucja,2,PiS
Anna Kwiecień,polak,1,PiS
Anna Kwiecień,polski,7,PiS
Anna Kwiecień,sąd,2,PiS
Anna Kwiecień,trybunał,1,PiS
Anna Kwiecień,unia,2,PiS
Anna Milczanowska,konstytucja,8,PiS
Anna Milczanowska,polak,6,PiS
Anna Milczanowska,polski,25,PiS
Anna Milczanowska,praworządność,1,PiS
Anna Milczanowska,sąd,6,PiS
Anna Milczanowska,trybunał,19,PiS
Anna Milczanowska,unia,5,PiS
Anna Paluch,konstytucja,3,PiS
Anna Paluch,polski,8,PiS
Anna Paluch,sąd,7,PiS
Anna Paluch,trybunał,1,PiS
Anna Paluch,unia,7,PiS
Anna Wasilewska,polski,3,PO
Anna Wasilewska,sąd,1,PO
Anna Wasilewska,trybunał,5,PO
Anna Wasilewska,unia,4,PO
Antoni Macierewicz,kobieta,2,PiS
Antoni Macierewicz,konstytucja,13,PiS
Antoni Macierewicz,polak,4,PiS
Antoni Macierewicz,polski,28,PiS
Antoni Macierewicz,sąd,1,PiS
Antoni Macierewicz,trybunał,3,PiS
Antoni Macierewicz,unia,3,PiS
Arkadiusz Czartoryski,polak,6,PiS
Arkadiusz Czartoryski,polski,6,PiS
Arkadiusz Marchewka,polak,2,PO
Arkadiusz Marchewka,polski,4,PO
Arkadiusz Marchewka,sąd,1,PO
Arkadiusz Mularczyk,konstytucja,1,PiS
Arkadiusz Mularczyk,polak,4,PiS
Arkadiusz Mularczyk,polski,28,PiS
Arkadiusz Mularczyk,praworządność,1,PiS
Arkadiusz Mularczyk,sąd,2,PiS
Arkadiusz Mularczyk,unia,15,PiS
Arkadiusz Myrcha,konstytucja,5,PO
Arkadiusz Myrcha,polak,8,PO
Arkadiusz Myrcha,polski,8,PO
Arkadiusz Myrcha,sąd,11,PO
Arkadiusz Myrcha,trybunał,10,PO
Arkadiusz Myrcha,unia,2,PO
Barbara Bartuś,kobieta,10,PiS
Barbara Bartuś,konstytucja,4,PiS
Barbara Bartuś,polak,8,PiS
Barbara Bartuś,polski,24,PiS
Barbara Bartuś,sąd,1,PiS
Barbara Bartuś,unia,1,PiS
Barbara Dolniak,konstytucja,2,PO
Barbara Dolniak,polak,1,PO
Barbara Dolniak,polski,13,PO
Barbara Dolniak,sąd,5,PO
Barbara Dolniak,trybunał,22,PO
Barbara Dolniak,unia,2,PO
Barbara Dziuk,kobieta,5,PiS
Barbara Dziuk,polak,11,PiS
Barbara Dziuk,polski,14,PiS
Barbara Dziuk,sąd,1,PiS
Barbara Dziuk,unia,3,PiS
Barbara Nowacka,kobieta,48,PO
Barbara Nowacka,konstytucja,1,PO
Barbara Nowacka,polak,7,PO
Barbara Nowacka,polski,21,PO
Barbara Nowacka,sąd,4,PO
Barbara Nowacka,unia,5,PO
Bartłomiej Dorywalski,polak,1,PiS
Bartłomiej Dorywalski,polski,2,PiS
Bartłomiej Sienkiewicz,konstytucja,2,PO
Bartłomiej Sienkiewicz,polak,5,PO
Bartłomiej Sienkiewicz,polski,8,PO
Bartłomiej Wróblewski,konstytucja,1,PiS
Bartłomiej Wróblewski,sąd,4,PiS
Bartłomiej Wróblewski,trybunał,1,PiS
Beata Maciejewska,kobieta,1,Lewica
Beata Maciejewska,konstytucja,5,Lewica
Beata Maciejewska,polak,1,Lewica
Beata Maciejewska,polski,11,Lewica
Beata Maciejewska,sąd,2,Lewica
Beata Maciejewska,unia,2,Lewica
Beata Mateusiak-Pielucha,sąd,1,PiS
Beata Strzałka,kobieta,1,PiS
Beata Strzałka,polski,1,PiS
Bogusław Sonik,kobieta,1,PO
Bogusław Sonik,polak,2,PO
Bogusław Sonik,polski,3,PO
Bogusław Sonik,unia,1,PO
Bolesław Piecha,konstytucja,1,PiS
Bolesław Piecha,polski,2,PiS
Bolesław Piecha,trybunał,3,PiS
Bolesław Piecha,unia,6,PiS
Bożena Borys-Szopa,polski,1,PiS
Bożena Żelazowska,kobieta,1,PSL
Bożena Żelazowska,polak,2,PSL
Bożena Żelazowska,polski,10,PSL
Cezary Grabarczyk,kobieta,1,PO
Cezary Grabarczyk,konstytucja,3,PO
Cezary Grabarczyk,polak,3,PO
Cezary Grabarczyk,polski,5,PO
Cezary Grabarczyk,praworządność,1,PO
Cezary Grabarczyk,sąd,4,PO
Cezary Grabarczyk,unia,1,PO
Cezary Tomczyk,konstytucja,4,PO
Cezary Tomczyk,polak,2,PO
Cezary Tomczyk,polski,11,PO
Cezary Tomczyk,unia,6,PO
Daniel Milewski,polak,2,PiS
Daniel Milewski,polski,5,PiS
Daniel Milewski,praworządność,2,PiS
Daniel Milewski,sąd,2,PiS
Daniel Milewski,unia,1,PiS
Danuta Nowicka,trybunał,1,PiS
Daria Gosek-Popiołek,kobieta,9,Lewica
Daria Gosek-Popiołek,polak,2,Lewica
Daria Gosek-Popiołek,polski,7,Lewica
Daria Gosek-Popiołek,unia,1,Lewica
Dariusz Bąk,kobieta,1,PiS
Dariusz Bąk,polak,3,PiS
Dariusz Bąk,polski,8,PiS
Dariusz Bąk,praworządność,1,PiS
Dariusz Bąk,sąd,1,PiS
Dariusz Joński,kobieta,14,PO
Dariusz Joński,polak,2,PO
Dariusz Joński,polski,2,PO
Dariusz Joński,praworządność,1,PO
Dariusz Klimczak,kobieta,7,PSL
Dariusz Klimczak,konstytucja,3,PSL
Dariusz Klimczak,polak,6,PSL
Dariusz Klimczak,polski,36,PSL
Dariusz Klimczak,praworządność,2,PSL
Dariusz Klimczak,sąd,1,PSL
Dariusz Klimczak,trybunał,1,PSL
Dariusz Klimczak,unia,10,PSL
Dariusz Kubiak,unia,1,PiS
Dariusz Kurzawa,polski,13,PSL
Dariusz Olszewski,konstytucja,3,PiS
Dariusz Olszewski,polak,4,PiS
Dariusz Olszewski,polski,15,PiS
Dariusz Rosati,konstytucja,1,PO
Dariusz Rosati,polak,5,PO
Dariusz Rosati,polski,12,PO
Dariusz Rosati,unia,5,PO
Dariusz Wieczorek,polak,3,Lewica
Dariusz Wieczorek,polski,23,Lewica
Dariusz Wieczorek,sąd,1,Lewica
Dariusz Wieczorek,trybunał,2,Lewica
Dariusz Wieczorek,unia,10,Lewica
Dominika Chorosińska,kobieta,6,PiS
Dominika Chorosińska,polski,2,PiS
Dominika Chorosińska,sąd,1,PiS
Dominika Chorosińska,unia,2,PiS
Dorota Niedziela,polak,2,PO
Dorota Niedziela,polski,2,PO
Edward Siarka,polski,6,PiS
Edward Siarka,sąd,2,PiS
Elżbieta Gapińska,polak,2,PO
Elżbieta Gapińska,polski,1,PO
Elżbieta Gelert,polski,1,PO
Elżbieta Płonka,polak,1,PiS
Elżbieta Płonka,polski,1,PiS
Elżbieta Płonka,sąd,9,PiS
Elżbieta Radziszewska,konstytucja,2,PO
Elżbieta Radziszewska,polski,1,PO
Elżbieta Radziszewska,unia,2,PO
Eugeniusz Czykwin,polski,1,PO
Eugeniusz Czykwin,unia,2,PO
Filip Kaczyński,unia,3,PiS
Franciszek Sterczewski,kobieta,1,PO
Franciszek Sterczewski,konstytucja,1,PO
Franciszek Sterczewski,polak,4,PO
Franciszek Sterczewski,polski,7,PO
Franciszek Sterczewski,unia,1,PO
Gabriela Lenartowicz,polak,6,PO
Gabriela Lenartowicz,polski,5,PO
Gabriela Lenartowicz,sąd,1,PO
Gabriela Lenartowicz,trybunał,1,PO
Gabriela Lenartowicz,unia,2,PO
Gabriela Masłowska,polak,9,PiS
Gabriela Masłowska,polski,6,PiS
Gabriela Masłowska,trybunał,1,PiS
Gabriela Masłowska,unia,4,PiS
Genowefa Tokarska,polak,2,PSL
Genowefa Tokarska,polski,2,PSL
Genowefa Tokarska,unia,1,PSL
Grzegorz Lorek,konstytucja,5,PiS
Grzegorz Lorek,polski,1,PiS
Grzegorz Lorek,sąd,4,PiS
Grzegorz Lorek,trybunał,4,PiS
Grzegorz Lorek,unia,1,PiS
Grzegorz Matusiak,polak,1,PiS
Grzegorz Matusiak,polski,1,PiS
Grzegorz Matusiak,unia,2,PiS
Grzegorz Puda,polski,3,PiS
Grzegorz Puda,unia,8,PiS
Grzegorz Rusiecki,polak,1,PO
Grzegorz Schetyna,polak,2,PO
Grzegorz Schetyna,polski,7,PO
Grzegorz Schetyna,praworządność,1,PO
Grzegorz Schetyna,unia,1,PO
Grzegorz Wojciechowski,polski,1,PiS
Hanna Gill-Piątek,kobieta,3,Lewica
Hanna Gill-Piątek,konstytucja,2,Lewica
Hanna Gill-Piątek,polak,11,Lewica
Hanna Gill-Piątek,polski,15,Lewica
Henryk Kowalczyk,kobieta,1,PiS
Henryk Kowalczyk,konstytucja,1,PiS
Henryk Kowalczyk,polak,10,PiS
Henryk Kowalczyk,polski,21,PiS
Henryk Kowalczyk,sąd,5,PiS
Henryk Kowalczyk,trybunał,5,PiS
Henryk Kowalczyk,unia,9,PiS
Ireneusz Raś,polski,8,PSL
Ireneusz Zyska,polak,1,PiS
Ireneusz Zyska,polski,19,PiS
Ireneusz Zyska,trybunał,1,PiS
Ireneusz Zyska,unia,12,PiS
Iwona Arent,polski,6,PiS
Iwona Arent,sąd,1,PiS
Iwona Arent,trybunał,4,PiS
Iwona Hartwich,polak,1,PO
Iwona Hartwich,polski,2,PO
Iwona Hartwich,unia,3,PO
Iwona Śledzińska-Katarasińska,konstytucja,5,PO
Iwona Śledzińska-Katarasińska,polski,6,PO
Iwona Śledzińska-Katarasińska,trybunał,4,PO
Izabela Leszczyna,kobieta,1,PO
Izabela Leszczyna,konstytucja,5,PO
Izabela Leszczyna,polak,29,PO
Izabela Leszczyna,polski,48,PO
Izabela Leszczyna,sąd,4,PO
Izabela Leszczyna,trybunał,10,PO
Izabela Leszczyna,unia,7,PO
Jacek Czerniak,konstytucja,1,Lewica
Jacek Czerniak,polski,9,Lewica
Jacek Czerniak,unia,2,Lewica
Jacek Kurzępa,konstytucja,1,PiS
Jacek Kurzępa,polski,2,PiS
Jacek Kurzępa,sąd,5,PiS
Jacek Ozdoba,polak,3,PiS
Jacek Ozdoba,sąd,5,PiS
Jacek Protasiewicz,polak,12,PSL
Jacek Protasiewicz,polski,30,PSL
Jacek Protasiewicz,sąd,1,PSL
Jacek Protasiewicz,trybunał,3,PSL
Jacek Protasiewicz,unia,6,PSL
Jacek Sasin,konstytucja,3,PiS
Jacek Sasin,polak,4,PiS
Jacek Sasin,polski,4,PiS
Jacek Sasin,trybunał,1,PiS
Jacek Sasin,unia,1,PiS
Jacek Świat,polak,1,PiS
Jacek Tomczak,polski,4,PSL
Jacek Tomczak,unia,4,PSL
Jadwiga Emilewicz,polak,3,PiS
Jadwiga Emilewicz,polski,18,PiS
Jadwiga Emilewicz,unia,4,PiS
Jakub Rutnicki,polak,12,PO
Jakub Rutnicki,polski,4,PO
Jakub Rutnicki,unia,1,PO
Jan Duda,polski,8,PiS
Jan Dziedziczak,polski,18,PiS
Jan Dziedziczak,unia,33,PiS
Jan Grabiec,polak,1,PO
Jan Grabiec,polski,1,PO
Jan Kanthak,konstytucja,10,PiS
Jan Kanthak,polak,5,PiS
Jan Kanthak,polski,5,PiS
Jan Kanthak,praworządność,1,PiS
Jan Kanthak,sąd,32,PiS
Jan Kanthak,trybunał,4,PiS
Jan Kanthak,unia,1,PiS
Jan Łopata,kobieta,2,PSL
Jan Łopata,polak,3,PSL
Jan Łopata,polski,3,PSL
Jan Łopata,unia,2,PSL
Jan Mosiński,polak,1,PiS
Jan Mosiński,polski,6,PiS
Jan Mosiński,sąd,1,PiS
Jan Mosiński,trybunał,8,PiS
Jan Mosiński,unia,1,PiS
Jan Szewczak,polak,5,PiS
Jan Szewczak,polski,2,PiS
Jan Szopiński,polak,5,Lewica
Jan Szopiński,polski,23,Lewica
Jan Szopiński,trybunał,1,Lewica
Jan Szopiński,unia,1,Lewica
Janusz Cichoń,konstytucja,1,PO
Janusz Cichoń,polak,7,PO
Janusz Cichoń,polski,4,PO
Janusz Cichoń,trybunał,2,PO
Janusz Cichoń,unia,6,PO
Janusz Kowalski,polski,3,PiS
Janusz Kowalski,trybunał,1,PiS
Janusz Kowalski,unia,3,PiS
Janusz Śniadek,kobieta,2,PiS
Janusz Śniadek,polak,1,PiS
Jan Warzecha,konstytucja,1,PiS
Jan Warzecha,polski,1,PiS
Jarosław Gonciarz,polski,6,PiS
Jarosław Gonciarz,sąd,1,PiS
Jarosław Gonciarz,unia,2,PiS
Jarosław Kaczyński,konstytucja,1,PiS
Jarosław Kaczyński,polski,4,PiS
Jarosław Kaczyński,trybunał,4,PiS
Jarosław Kaczyński,unia,1,PiS
Jarosław Krajewski,konstytucja,3,PiS
Jarosław Krajewski,polak,14,PiS
Jarosław Krajewski,polski,13,PiS
Jarosław Krajewski,praworządność,3,PiS
Jarosław Krajewski,sąd,1,PiS
Jarosław Krajewski,unia,10,PiS
Jarosław Rzepa,kobieta,1,PSL
Jarosław Rzepa,polak,12,PSL
Jarosław Rzepa,polski,13,PSL
Jarosław Rzepa,trybunał,1,PSL
Jarosław Rzepa,unia,2,PSL
Jarosław Sachajko,polak,5,PSL
Jarosław Sachajko,polski,18,PSL
Jarosław Sachajko,unia,1,PSL
Jarosław Urbaniak,konstytucja,7,PO
Jarosław Urbaniak,polak,18,PO
Jarosław Urbaniak,polski,19,PO
Jarosław Urbaniak,sąd,4,PO
Jarosław Urbaniak,trybunał,7,PO
Jarosław Urbaniak,unia,2,PO
Jarosław Zieliński,polski,3,PiS
Jarosław Zieliński,sąd,5,PiS
Jarosław Zieliński,trybunał,1,PiS
Jerzy Bielecki,polak,4,PiS
Jerzy Bielecki,polski,3,PiS
Jerzy Gosiewski,polski,4,PiS
Jerzy Hardie-Douglas,polski,10,PO
Jerzy Hardie-Douglas,unia,6,PO
Jerzy Małecki,polski,1,PiS
Jerzy Małecki,unia,6,PiS
Jerzy Materna,polski,5,PiS
Jerzy Materna,unia,2,PiS
Jerzy Meysztowicz,polak,1,PO
Jerzy Meysztowicz,polski,2,PO
Jerzy Meysztowicz,sąd,1,PO
Jerzy Meysztowicz,trybunał,1,PO
Jerzy Meysztowicz,unia,2,PO
Jerzy Naszkiewicz,polak,1,PiS
Jerzy Naszkiewicz,polski,5,PiS
Jerzy Paul,polak,1,PiS
Jerzy Paul,polski,2,PiS
Jerzy Paul,unia,5,PiS
Jerzy Polaczek,polski,7,PiS
Jerzy Polaczek,unia,4,PiS
Jerzy Wilk,unia,1,PiS
Joanna Borowiak,kobieta,1,PiS
Joanna Borowiak,konstytucja,2,PiS
Joanna Borowiak,polak,7,PiS
Joanna Borowiak,polski,32,PiS
Joanna Borowiak,sąd,1,PiS
Joanna Borowiak,trybunał,2,PiS
Joanna Fabisiak,kobieta,5,PO
Joanna Fabisiak,polak,11,PO
Joanna Fabisiak,polski,10,PO
Joanna Frydrych,kobieta,2,PO
Joanna Frydrych,polak,1,PO
Joanna Frydrych,polski,1,PO
Joanna Jaśkowiak,konstytucja,1,PO
Joanna Jaśkowiak,sąd,4,PO
Joanna Kluzik-Rostkowska,polak,1,PO
Joanna Kluzik-Rostkowska,sąd,3,PO
Joanna Lichocka,kobieta,1,PiS
Joanna Lichocka,polak,1,PiS
Joanna Lichocka,polski,3,PiS
Joanna Lichocka,unia,1,PiS
Joanna Scheuring-Wielgus,kobieta,3,Lewica
Joanna Scheuring-Wielgus,polski,10,Lewica
Joanna Scheuring-Wielgus,sąd,5,Lewica
Joanna Scheuring-Wielgus,trybunał,1,Lewica
Józefa Szczurek-Żelazko,kobieta,36,PiS
Józefa Szczurek-Żelazko,polak,4,PiS
Józefa Szczurek-Żelazko,polski,10,PiS
Józefa Szczurek-Żelazko,sąd,4,PiS
Józefa Szczurek-Żelazko,trybunał,3,PiS
Józefa Szczurek-Żelazko,unia,11,PiS
Józef Leśniak,polski,2,PiS
Kacper Płażyński,praworządność,1,PiS
Kacper Płażyński,unia,1,PiS
Kamila Gasiuk-Pihowicz,kobieta,4,PO
Kamila Gasiuk-Pihowicz,konstytucja,8,PO
Kamila Gasiuk-Pihowicz,polak,7,PO
Kamila Gasiuk-Pihowicz,polski,13,PO
Kamila Gasiuk-Pihowicz,praworządność,4,PO
Kamila Gasiuk-Pihowicz,sąd,10,PO
Kamila Gasiuk-Pihowicz,trybunał,16,PO
Kamila Gasiuk-Pihowicz,unia,10,PO
Kamil Bortniczuk,konstytucja,1,PiS
Kamil Bortniczuk,polski,1,PiS
Kamil Bortniczuk,sąd,1,PiS
Kamil Bortniczuk,trybunał,1,PiS
Kamil Bortniczuk,unia,2,PiS
Karolina Pawliczak,polak,3,Lewica
Karolina Pawliczak,polski,6,Lewica
Karolina Pawliczak,trybunał,4,Lewica
Karolina Pawliczak,unia,9,Lewica
Katarzyna Czochara,polak,2,PiS
Katarzyna Czochara,polski,4,PiS
Katarzyna Kotula,kobieta,28,Lewica
Katarzyna Kotula,polak,3,Lewica
Katarzyna Kotula,polski,5,Lewica
Katarzyna Kotula,sąd,1,Lewica
Katarzyna Kotula,trybunał,2,Lewica
Katarzyna Kretkowska,kobieta,1,Lewica
Katarzyna Kretkowska,konstytucja,1,Lewica
Katarzyna Kretkowska,polak,6,Lewica
Katarzyna Kretkowska,polski,19,Lewica
Katarzyna Kretkowska,sąd,1,Lewica
Katarzyna Kretkowska,unia,9,Lewica
Katarzyna Lubnauer,kobieta,1,PO
Katarzyna Lubnauer,polak,9,PO
Katarzyna Lubnauer,polski,11,PO
Katarzyna Lubnauer,sąd,1,PO
Katarzyna Lubnauer,trybunał,1,PO
Katarzyna Lubnauer,unia,2,PO
Katarzyna Sójka,unia,3,PiS
Katarzyna Ueberhan,kobieta,29,Lewica
Katarzyna Ueberhan,konstytucja,2,Lewica
Katarzyna Ueberhan,polak,1,Lewica
Katarzyna Ueberhan,polski,6,Lewica
Katarzyna Ueberhan,sąd,2,Lewica
Katarzyna Ueberhan,trybunał,17,Lewica
Katarzyna Ueberhan,unia,5,Lewica
Kazimierz Choma,polski,1,PiS
Kazimierz Choma,unia,1,PiS
Kazimierz Gwiazdowski,polski,1,PiS
Kazimierz Kotowski,polski,1,PSL
Kazimierz Moskal,polski,3,PiS
Kazimierz Plocke,polak,2,PO
Kazimierz Plocke,polski,9,PO
Kazimierz Plocke,unia,1,PO
Kazimierz Smoliński,konstytucja,2,PiS
Kazimierz Smoliński,polak,2,PiS
Kazimierz Smoliński,polski,10,PiS
Kazimierz Smoliński,sąd,8,PiS
Kazimierz Smoliński,trybunał,6,PiS
Kazimierz Smoliński,unia,2,PiS
Klaudia Jachira,kobieta,8,PO
Klaudia Jachira,konstytucja,2,PO
Klaudia Jachira,polak,9,PO
Klaudia Jachira,polski,2,PO
Klaudia Jachira,sąd,1,PO
Konrad Frysztak,polak,3,PO
Konrad Frysztak,polski,3,PO
Konrad Frysztak,praworządność,1,PO
Konrad Frysztak,trybunał,1,PO
Konrad Frysztak,unia,4,PO
Krystyna Sibińska,polski,1,PO
Krystyna Skowrońska,kobieta,4,PO
Krystyna Skowrońska,konstytucja,2,PO
Krystyna Skowrońska,polak,25,PO
Krystyna Skowrońska,polski,10,PO
Krystyna Skowrońska,praworządność,1,PO
Krystyna Skowrońska,sąd,10,PO
Krystyna Skowrońska,trybunał,6,PO
Krystyna Skowrońska,unia,2,PO
Krystyna Szumilas,polak,5,PO
Krystyna Szumilas,polski,1,PO
Krystyna Wróblewska,polski,2,PiS
Krzysztof Czabański,konstytucja,1,PiS
Krzysztof Czabański,polski,2,PiS
Krzysztof Czabański,trybunał,1,PiS
Krzysztof Czarnecki,polski,1,PiS
Krzysztof Czarnecki,unia,7,PiS
Krzysztof Gadowski,kobieta,1,PO
Krzysztof Gadowski,konstytucja,1,PO
Krzysztof Gadowski,polak,5,PO
Krzysztof Gadowski,polski,16,PO
Krzysztof Gadowski,unia,1,PO
Krzysztof Gawkowski,kobieta,3,Lewica
Krzysztof Gawkowski,konstytucja,11,Lewica
Krzysztof Gawkowski,polak,22,Lewica
Krzysztof Gawkowski,polski,34,Lewica
Krzysztof Gawkowski,praworządność,2,Lewica
Krzysztof Gawkowski,sąd,7,Lewica
Krzysztof Gawkowski,trybunał,8,Lewica
Krzysztof Gawkowski,unia,6,Lewica
Krzysztof Grabczuk,polak,1,PO
Krzysztof Grabczuk,polski,6,PO
Krzysztof Grabczuk,unia,4,PO
Krzysztof Kubów,polski,2,PiS
Krzysztof Lipiec,unia,1,PiS
Krzysztof Mieszkowski,kobieta,6,PO
Krzysztof Mieszkowski,polak,1,PO
Krzysztof Mieszkowski,polski,11,PO
Krzysztof Mieszkowski,trybunał,1,PO
Krzysztof Paszyk,kobieta,6,PSL
Krzysztof Paszyk,konstytucja,3,PSL
Krzysztof Paszyk,polak,34,PSL
Krzysztof Paszyk,polski,85,PSL
Krzysztof Paszyk,sąd,57,PSL
Krzysztof Paszyk,trybunał,19,PSL
Krzysztof Paszyk,unia,3,PSL
Krzysztof Piątkowski,kobieta,1,PO
Krzysztof Piątkowski,konstytucja,1,PO
Krzysztof Piątkowski,polak,2,PO
Krzysztof Piątkowski,polski,13,PO
Krzysztof Piątkowski,sąd,1,PO
Krzysztof Piątkowski,unia,2,PO
Krzysztof Śmiszek,konstytucja,11,Lewica
Krzysztof Śmiszek,polak,19,Lewica
Krzysztof Śmiszek,polski,17,Lewica
Krzysztof Śmiszek,praworządność,1,Lewica
Krzysztof Śmiszek,sąd,66,Lewica
Krzysztof Śmiszek,trybunał,13,Lewica
Krzysztof Śmiszek,unia,3,Lewica
Krzysztof Sobolewski,konstytucja,1,PiS
Krzysztof Sobolewski,polak,3,PiS
Krzysztof Sobolewski,polski,12,PiS
Krzysztof Sobolewski,sąd,1,PiS
Krzysztof Sobolewski,trybunał,3,PiS
Krzysztof Sobolewski,unia,1,PiS
Krzysztof Szulowski,konstytucja,2,PiS
Krzysztof Szulowski,polak,1,PiS
Krzysztof Szulowski,polski,10,PiS
Krzysztof Szulowski,sąd,1,PiS
Krzysztof Szulowski,unia,2,PiS
Krzysztof Tchórzewski,polak,2,PiS
Krzysztof Tchórzewski,polski,4,PiS
Krzysztof Tchórzewski,unia,2,PiS
Krzysztof Truskolaski,konstytucja,3,PO
Krzysztof Truskolaski,polak,1,PO
Krzysztof Truskolaski,polski,2,PO
Lech Kołakowski,polski,8,PiS
Lech Kołakowski,unia,14,PiS
Lech Sprawka,polski,5,PiS
Leonard Krasulski,polski,2,PiS
Lidia Burzyńska,polak,2,PiS
Lidia Burzyńska,polski,6,PiS
Lidia Burzyńska,sąd,2,PiS
Lidia Burzyńska,trybunał,8,PiS
Łukasz Schreiber,kobieta,1,PiS
Łukasz Schreiber,konstytucja,9,PiS
Łukasz Schreiber,polak,18,PiS
Łukasz Schreiber,polski,11,PiS
Łukasz Schreiber,sąd,2,PiS
Łukasz Schreiber,trybunał,2,PiS
Łukasz Schreiber,unia,2,PiS
Łukasz Szumowski,kobieta,1,PiS
Łukasz Szumowski,polak,10,PiS
Łukasz Szumowski,polski,15,PiS
Łukasz Szumowski,unia,3,PiS
Maciej Gdula,kobieta,1,Lewica
Maciej Gdula,polak,1,Lewica
Maciej Gdula,polski,4,Lewica
Maciej Gdula,unia,5,Lewica
Maciej Górski,polski,4,PiS
Maciej Konieczny,kobieta,1,Lewica
Maciej Konieczny,konstytucja,1,Lewica
Maciej Konieczny,polak,16,Lewica
Maciej Konieczny,polski,32,Lewica
Maciej Konieczny,praworządność,4,Lewica
Maciej Konieczny,sąd,2,Lewica
Maciej Konieczny,unia,2,Lewica
Maciej Kopiec,kobieta,1,Lewica
Maciej Lasek,polski,1,PO
Maciej Lasek,unia,1,PO
Maciej Małecki,polak,1,PiS
Maciej Małecki,polski,11,PiS
Maciej Małecki,unia,1,PiS
Maciej Wąsik,polski,4,PiS
Maciej Wąsik,sąd,6,PiS
Maciej Wąsik,trybunał,2,PiS
Magdalena Biejat,kobieta,6,Lewica
Magdalena Biejat,konstytucja,1,Lewica
Magdalena Biejat,polak,11,Lewica
Magdalena Biejat,polski,9,Lewica
Magdalena Biejat,sąd,1,Lewica
Magdalena Biejat,unia,2,Lewica
Magdalena Łośko,kobieta,3,PO
Magdalena Łośko,polak,4,PO
Magdalena Łośko,polski,2,PO
Magdalena Łośko,trybunał,3,PO
Magdalena Łośko,unia,3,PO
Małgorzata Chmiel,konstytucja,1,PO
Małgorzata Chmiel,polak,4,PO
Małgorzata Chmiel,polski,8,PO
Małgorzata Chmiel,sąd,6,PO
Małgorzata Chmiel,trybunał,2,PO
Małgorzata Chmiel,unia,2,PO
Małgorzata Golińska,polski,1,PiS
Małgorzata Gosiewska,kobieta,5,PiS
Małgorzata Gosiewska,konstytucja,6,PiS
Małgorzata Gosiewska,polak,47,PiS
Małgorzata Gosiewska,polski,84,PiS
Małgorzata Gosiewska,praworządność,4,PiS
Małgorzata Gosiewska,sąd,9,PiS
Małgorzata Gosiewska,trybunał,7,PiS
Małgorzata Gosiewska,unia,26,PiS
Małgorzata Janowska,polski,1,PiS
Małgorzata Janowska,unia,1,PiS
Małgorzata Kidawa-Błońska,kobieta,20,PO
Małgorzata Kidawa-Błońska,konstytucja,2,PO
Małgorzata Kidawa-Błońska,polak,38,PO
Małgorzata Kidawa-Błońska,polski,60,PO
Małgorzata Kidawa-Błońska,sąd,14,PO
Małgorzata Kidawa-Błońska,trybunał,3,PO
Małgorzata Kidawa-Błońska,unia,12,PO
Małgorzata Niemczyk,kobieta,1,PO
Małgorzata Niemczyk,konstytucja,1,PO
Małgorzata Niemczyk,polak,11,PO
Małgorzata Pępek,kobieta,5,PO
Małgorzata Pępek,polak,9,PO
Małgorzata Pępek,polski,5,PO
Małgorzata Pępek,trybunał,3,PO
Małgorzata Pępek,unia,4,PO
Małgorzata Prokop-Paczkowska,kobieta,3,Lewica
Małgorzata Prokop-Paczkowska,polak,2,Lewica
Małgorzata Prokop-Paczkowska,polski,19,Lewica
Małgorzata Prokop-Paczkowska,sąd,1,Lewica
Małgorzata Prokop-Paczkowska,trybunał,2,Lewica
Małgorzata Prokop-Paczkowska,unia,2,Lewica
Małgorzata Sekuła-Szmajdzińska,konstytucja,1,Lewica
Małgorzata Sekuła-Szmajdzińska,trybunał,4,Lewica
Małgorzata Tracz,kobieta,4,PO
Małgorzata Tracz,konstytucja,1,PO
Małgorzata Tracz,polak,5,PO
Małgorzata Tracz,polski,14,PO
Małgorzata Tracz,unia,6,PO
Małgorzata Zwiercan,sąd,1,PiS
Małgorzata Zwiercan,unia,1,PiS
Marcelina Zawisza,kobieta,23,Lewica
Marcelina Zawisza,polak,3,Lewica
Marcelina Zawisza,polski,3,Lewica
Marcelina Zawisza,unia,1,Lewica
Marcin Duszek,kobieta,5,PiS
Marcin Duszek,polak,2,PiS
Marcin Duszek,polski,5,PiS
Marcin Duszek,praworządność,1,PiS
Marcin Duszek,unia,9,PiS
Marcin Horała,konstytucja,1,PiS
Marcin Horała,polak,18,PiS
Marcin Horała,polski,50,PiS
Marcin Horała,praworządność,4,PiS
Marcin Horała,sąd,4,PiS
Marcin Horała,trybunał,3,PiS
Marcin Horała,unia,7,PiS
Marcin Kierwiński,konstytucja,4,PO
Marcin Kierwiński,polak,5,PO
Marcin Kierwiński,polski,12,PO
Marcin Kulasek,kobieta,1,Lewica
Marcin Kulasek,polak,1,Lewica
Marcin Kulasek,polski,5,Lewica
Marcin Kulasek,sąd,5,Lewica
Marcin Kulasek,trybunał,2,Lewica
Marcin Kulasek,unia,2,Lewica
Marcin Ociepa,polski,5,PiS
Marcin Ociepa,unia,2,PiS
Marcin Święcicki,sąd,1,PO
Marcin Święcicki,trybunał,1,PO
Marcin Święcicki,unia,1,PO
Marcin Warchoł,konstytucja,5,PiS
Marcin Warchoł,polak,2,PiS
Marcin Warchoł,polski,2,PiS
Marcin Warchoł,sąd,11,PiS
Marcin Warchoł,trybunał,11,PiS
Marcin Warchoł,unia,12,PiS
Marek Ast,konstytucja,3,PiS
Marek Ast,polski,2,PiS
Marek Ast,sąd,26,PiS
Marek Ast,trybunał,31,PiS
Marek Ast,unia,2,PiS
Marek Biernacki,polski,5,PSL
Marek Dyduch,kobieta,1,Lewica
Marek Dyduch,konstytucja,1,Lewica
Marek Dyduch,polak,1,Lewica
Marek Dyduch,polski,12,Lewica
Marek Dyduch,unia,11,Lewica
Marek Gróbarczyk,polski,1,PiS
Marek Hok,polski,2,PO
Marek Krząkała,konstytucja,2,PO
Marek Krząkała,polski,1,PO
Marek Krząkała,trybunał,1,PO
Marek Krząkała,unia,2,PO
Marek Polak,kobieta,3,PiS
Marek Polak,polski,4,PiS
Marek Polak,sąd,2,PiS
Marek Rutka,kobieta,6,Lewica
Marek Rutka,konstytucja,2,Lewica
Marek Rutka,polak,7,Lewica
Marek Rutka,polski,11,Lewica
Marek Rutka,trybunał,2,Lewica
Marek Rutka,unia,3,Lewica
Marek Rząsa,kobieta,2,PO
Marek Rząsa,konstytucja,1,PO
Marek Rząsa,polak,5,PO
Marek Rząsa,polski,3,PO
Marek Rząsa,unia,1,PO
Marek Sawicki,polski,15,PSL
Marek Sawicki,unia,1,PSL
Marek Sowa,kobieta,1,PO
Marek Sowa,polak,8,PO
Marek Sowa,polski,5,PO
Marek Sowa,unia,3,PO
Marek Suski,konstytucja,2,PiS
Marek Suski,polski,12,PiS
Marek Suski,unia,15,PiS
Marek Zagórski,polak,3,PiS
Marek Zagórski,polski,14,PiS
Mariusz Błaszczak,polski,1,PiS
Mariusz Kamiński,kobieta,1,PiS
Mariusz Kamiński,polak,3,PiS
Mariusz Kamiński,polski,7,PiS
Mariusz Kamiński,sąd,6,PiS
Mariusz Trepka,polski,3,PiS
Mariusz Witczak,polak,2,PO
Mariusz Witczak,polski,2,PO
Mariusz Witczak,trybunał,1,PO
Mariusz Witczak,unia,3,PO
Marta Kubiak,kobieta,2,PiS
Marta Kubiak,polak,2,PiS
Marta Kubiak,polski,2,PiS
Marta Kubiak,unia,5,PiS
Marta Wcisło,kobieta,1,PO
Marta Wcisło,konstytucja,1,PO
Marta Wcisło,polak,6,PO
Marta Wcisło,polski,14,PO
Marta Wcisło,unia,1,PO
Marzena Machałek,polak,1,PiS
Marzena Machałek,polski,8,PiS
Marzena Machałek,unia,3,PiS
Marzena Okła-Drewnowicz,kobieta,19,PO
Marzena Okła-Drewnowicz,polak,11,PO
Marzena Okła-Drewnowicz,polski,5,PO
Marzena Okła-Drewnowicz,sąd,1,PO
Marzena Okła-Drewnowicz,trybunał,6,PO
Mateusz Bochenek,polak,2,PO
Mateusz Bochenek,polski,1,PO
Mateusz Morawiecki,kobieta,10,PiS
Mateusz Morawiecki,konstytucja,6,PiS
Mateusz Morawiecki,polak,59,PiS
Mateusz Morawiecki,polski,231,PiS
Mateusz Morawiecki,praworządność,7,PiS
Mateusz Morawiecki,sąd,17,PiS
Mateusz Morawiecki,trybunał,4,PiS
Mateusz Morawiecki,unia,65,PiS
Michał Dworczyk,polak,4,PiS
Michał Dworczyk,polski,4,PiS
Michał Jaros,polak,3,PO
Michał Jaros,polski,7,PO
Michał Kamiński,polak,1,PSL
Michał Krawczyk,kobieta,1,PO
Michał Krawczyk,polak,8,PO
Michał Krawczyk,polski,17,PO
Michał Krawczyk,unia,3,PO
Michał Stasiński,unia,3,PO
Michał Szczerba,kobieta,9,PO
Michał Szczerba,konstytucja,6,PO
Michał Szczerba,polak,29,PO
Michał Szczerba,polski,29,PO
Michał Szczerba,sąd,8,PO
Michał Szczerba,trybunał,13,PO
Michał Szczerba,unia,3,PO
Michał Wójcik,polak,2,PiS
Michał Wójcik,sąd,11,PiS
Michał Wójcik,trybunał,2,PiS
Michał Wójcik,unia,1,PiS
Michał Woś,polski,8,PiS
Michał Woś,unia,4,PiS
Mieczysław Kasprzak,kobieta,10,PSL
Mieczysław Kasprzak,polak,5,PSL
Mieczysław Kasprzak,polski,14,PSL
Mieczysław Kasprzak,unia,10,PSL
Mirosława Nykiel,kobieta,1,PO
Mirosława Nykiel,konstytucja,1,PO
Mirosława Nykiel,polak,7,PO
Mirosława Nykiel,polski,5,PO
Mirosława Nykiel,unia,1,PO
Mirosława Stachowiak-Różecka,konstytucja,4,PiS
Mirosława Stachowiak-Różecka,polak,7,PiS
Mirosława Stachowiak-Różecka,polski,13,PiS
Mirosław Maliszewski,polak,2,PSL
Mirosław Maliszewski,polski,12,PSL
Mirosław Maliszewski,unia,10,PSL
Mirosław Pampuch,polak,1,PO
Monika Falej,kobieta,8,Lewica
Monika Falej,konstytucja,6,Lewica
Monika Falej,polak,17,Lewica
Monika Falej,polski,17,Lewica
Monika Falej,sąd,13,Lewica
Monika Falej,unia,1,Lewica
Monika Pawłowska,polak,5,PiS
Monika Pawłowska,polski,8,PiS
Monika Pawłowska,unia,1,PiS
Monika Rosa,kobieta,11,PO
Monika Rosa,polak,4,PO
Monika Rosa,polski,7,PO
Monika Rosa,praworządność,1,PO
Monika Rosa,trybunał,2,PO
Monika Wielichowska,kobieta,2,PO
Monika Wielichowska,konstytucja,5,PO
Monika Wielichowska,polak,5,PO
Monika Wielichowska,polski,6,PO
Norbert Kaczmarczyk,polski,2,PiS
Norbert Kaczmarczyk,unia,2,PiS
Patryk Wicher,polak,2,PiS
Patryk Wicher,polski,3,PiS
Patryk Wicher,sąd,1,PiS
Patryk Wicher,unia,4,PiS
Paulina Hennig-Kloska,konstytucja,2,PO
Paulina Hennig-Kloska,polak,26,PO
Paulina Hennig-Kloska,polski,21,PO
Paulina Hennig-Kloska,praworządność,1,PO
Paulina Hennig-Kloska,sąd,2,PO
Paulina Hennig-Kloska,trybunał,5,PO
Paulina Hennig-Kloska,unia,3,PO
Paulina Matysiak,kobieta,9,Lewica
Paulina Matysiak,polak,9,Lewica
Paulina Matysiak,polski,14,Lewica
Paulina Matysiak,unia,2,Lewica
Paweł Hreniak,polak,1,PiS
Paweł Hreniak,polski,1,PiS
Paweł Kowal,kobieta,1,PO
Paweł Kowal,polak,3,PO
Paweł Kowal,polski,14,PO
Paweł Kowal,sąd,1,PO
Paweł Kowal,unia,2,PO
Paweł Krutul,polak,2,Lewica
Paweł Krutul,polski,8,Lewica
Paweł Krutul,unia,6,Lewica
Paweł Lisiecki,sąd,1,PiS
Paweł Papke,polak,2,PO
Paweł Poncyljusz,polak,2,PO
Paweł Poncyljusz,polski,10,PO
Paweł Poncyljusz,unia,3,PO
Paweł Rychlik,polski,5,PiS
Paweł Szefernaker,kobieta,1,PiS
Paweł Szefernaker,polak,1,PiS
Paweł Szefernaker,polski,1,PiS
Paweł Szramka,polak,4,PSL
Paweł Szramka,polski,1,PSL
Piotr Adamowicz,polski,5,PO
Piotr Babinetz,polak,1,PiS
Piotr Babinetz,polski,15,PiS
Piotr Babinetz,sąd,1,PiS
Piotr Borys,kobieta,5,PO
Piotr Borys,konstytucja,1,PO
Piotr Borys,polak,8,PO
Piotr Borys,polski,18,PO
Piotr Borys,praworządność,3,PO
Piotr Borys,unia,7,PO
Piotr Cieśliński,polski,1,PO
Piotr Cieśliński,sąd,1,PO
Piotr Cieśliński,unia,1,PO
Piotr Gliński,polak,1,PiS
Piotr Gliński,polski,4,PiS
Piotr Kaleta,kobieta,5,PiS
Piotr Kaleta,polski,1,PiS
Piotr Król,polski,3,PiS
Piotr Polak,polak,1,PiS
Piotr Polak,polski,2,PiS
Piotr Polak,unia,3,PiS
Piotr Pyzik,polski,1,PiS
Piotr Sak,konstytucja,4,PiS
Piotr Sak,polak,2,PiS
Piotr Sak,polski,4,PiS
Piotr Sak,sąd,3,PiS
Piotr Sak,trybunał,3,PiS
Piotr Sak,unia,3,PiS
Piotr Uściński,kobieta,2,PiS
Piotr Uściński,polak,3,PiS
Piotr Uściński,polski,1,PiS
Piotr Uściński,unia,2,PiS
Piotr Walkowski,polski,2,PSL
Piotr Wawrzyk,polak,2,PiS
Piotr Wawrzyk,polski,6,PiS
Piotr Wawrzyk,unia,9,PiS
Piotr Zgorzelski,kobieta,7,PSL
Piotr Zgorzelski,konstytucja,5,PSL
Piotr Zgorzelski,polak,26,PSL
Piotr Zgorzelski,polski,120,PSL
Piotr Zgorzelski,praworządność,1,PSL
Piotr Zgorzelski,sąd,6,PSL
Piotr Zgorzelski,trybunał,6,PSL
Piotr Zgorzelski,unia,9,PSL
Przemysław Czarnecki,polak,2,PiS
Przemysław Czarnecki,polski,10,PiS
Przemysław Czarnecki,unia,4,PiS
Przemysław Czarnek,konstytucja,11,PiS
Przemysław Czarnek,polak,14,PiS
Przemysław Czarnek,polski,28,PiS
Przemysław Czarnek,praworządność,5,PiS
Przemysław Czarnek,sąd,8,PiS
Przemysław Czarnek,trybunał,15,PiS
Przemysław Czarnek,unia,5,PiS
Przemysław Drabek,polak,1,PiS
Przemysław Drabek,polski,1,PiS
Przemysław Koperski,kobieta,6,Lewica
Przemysław Koperski,konstytucja,3,Lewica
Przemysław Koperski,polak,2,Lewica
Przemysław Koperski,polski,17,Lewica
Przemysław Koperski,unia,3,Lewica
Radosław Lubczyk,polak,4,PSL
Radosław Lubczyk,polski,6,PSL
Radosław Lubczyk,unia,2,PSL
Rafał Adamczyk,kobieta,1,Lewica
Rafał Adamczyk,konstytucja,3,Lewica
Rafał Adamczyk,polak,2,Lewica
Rafał Adamczyk,polski,2,Lewica
Rafał Bochenek,konstytucja,1,PiS
Rafał Bochenek,polak,2,PiS
Rafał Bochenek,trybunał,3,PiS
Rafał Bochenek,unia,8,PiS
Rafał Grupiński,konstytucja,2,PO
Rafał Grupiński,polak,1,PO
Rafał Grupiński,polski,7,PO
Rafał Weber,polak,3,PiS
Rafał Weber,polski,13,PiS
Rafał Weber,unia,2,PiS
Rajmund Miller,polski,1,PO
Rajmund Miller,unia,2,PO
Robert Gontarz,polski,3,PiS
Robert Gontarz,unia,2,PiS
Robert Kropiwnicki,konstytucja,8,PO
Robert Kropiwnicki,polak,4,PO
Robert Kropiwnicki,polski,5,PO
Robert Kropiwnicki,sąd,17,PO
Robert Kropiwnicki,trybunał,17,PO
Robert Obaz,kobieta,2,Lewica
Robert Obaz,polak,3,Lewica
Robert Obaz,polski,4,Lewica
Robert Obaz,sąd,2,Lewica
Robert Telus,kobieta,1,PiS
Robert Telus,polak,5,PiS
Robert Telus,polski,45,PiS
Robert Telus,unia,11,PiS
Robert Tyszkiewicz,kobieta,1,PO
Robert Tyszkiewicz,polski,11,PO
Robert Tyszkiewicz,unia,6,PO
Romuald Ajchler,konstytucja,1,Lewica
Romuald Ajchler,polak,3,Lewica
Romuald Ajchler,polski,10,Lewica
Romuald Ajchler,unia,9,Lewica
Ryszard Bartosik,polak,2,PiS
Ryszard Bartosik,polski,2,PiS
Ryszard Bartosik,unia,7,PiS
Ryszard Terlecki,kobieta,36,PiS
Ryszard Terlecki,konstytucja,4,PiS
Ryszard Terlecki,polak,53,PiS
Ryszard Terlecki,polski,106,PiS
Ryszard Terlecki,sąd,22,PiS
Ryszard Terlecki,trybunał,20,PiS
Ryszard Terlecki,unia,34,PiS
Ryszard Wilczyński,polak,1,PO
Ryszard Wilczyński,polski,11,PO
Ryszard Wilczyński,unia,1,PO
Sebastian Kaleta,konstytucja,12,PiS
Sebastian Kaleta,polak,3,PiS
Sebastian Kaleta,polski,15,PiS
Sebastian Kaleta,sąd,40,PiS
Sebastian Kaleta,trybunał,31,PiS
Sebastian Kaleta,unia,14,PiS
Sławomir Neumann,konstytucja,1,PO
Sławomir Neumann,polski,3,PO
Sławomir Neumann,sąd,5,PO
Sławomir Neumann,trybunał,2,PO
Sławomir Neumann,unia,1,PO
Sławomir Nitras,konstytucja,2,PO
Sławomir Nitras,polak,14,PO
Sławomir Nitras,polski,25,PO
Sławomir Nitras,sąd,1,PO
Sławomir Nitras,unia,12,PO
Sławomir Skwarek,polski,3,PiS
Stanisław Szwed,kobieta,8,PiS
Stanisław Szwed,konstytucja,2,PiS
Stanisław Szwed,polak,2,PiS
Stanisław Szwed,polski,11,PiS
Stanisław Szwed,sąd,1,PiS
Stanisław Szwed,trybunał,16,PiS
Stanisław Szwed,unia,6,PiS
Stanisław Tyszka,konstytucja,2,PSL
Stanisław Tyszka,polak,1,PSL
Stanisław Tyszka,polski,17,PSL
Stanisław Tyszka,sąd,15,PSL
Stanisław Tyszka,trybunał,4,PSL
Stanisław Tyszka,unia,3,PSL
Stanisław Żuk,polski,2,PSL
Stanisław Żuk,unia,1,PSL
Stefan Krajewski,polak,4,PSL
Stefan Krajewski,polski,20,PSL
Stefan Krajewski,unia,2,PSL
Sylwester Tułajew,konstytucja,1,PiS
Sylwester Tułajew,polski,6,PiS
Sylwester Tułajew,unia,8,PiS
Szymon Giżyński,polski,5,PiS
Szymon Giżyński,unia,9,PiS
Tadeusz Aziewicz,polski,2,PO
Tadeusz Cymański,konstytucja,1,PiS
Tadeusz Cymański,polak,1,PiS
Tadeusz Cymański,polski,1,PiS
Tadeusz Cymański,unia,1,PiS
Tadeusz Dziuba,unia,1,PiS
Tadeusz Tomaszewski,kobieta,7,Lewica
Tadeusz Tomaszewski,konstytucja,3,Lewica
Tadeusz Tomaszewski,polak,2,Lewica
Tadeusz Tomaszewski,polski,11,Lewica
Tadeusz Tomaszewski,sąd,1,Lewica
Tadeusz Tomaszewski,trybunał,4,Lewica
Tadeusz Tomaszewski,unia,1,Lewica
Tadeusz Woźniak,polski,1,PiS
Tadeusz Woźniak,sąd,3,PiS
Teresa Pamuła,polski,1,PiS
Teresa Wargocka,kobieta,8,PiS
Teresa Wargocka,konstytucja,7,PiS
Teresa Wargocka,polak,11,PiS
Teresa Wargocka,polski,9,PiS
Teresa Wargocka,sąd,1,PiS
Teresa Wargocka,trybunał,8,PiS
Teresa Wargocka,unia,3,PiS
Tomasz Aniśko,polak,1,PO
Tomasz Aniśko,polski,5,PO
Tomasz Głogowski,polak,1,PO
Tomasz Głogowski,polski,6,PO
Tomasz Głogowski,unia,13,PO
Tomasz Kostuś,polak,1,PO
Tomasz Latos,kobieta,1,PiS
Tomasz Latos,konstytucja,1,PiS
Tomasz Latos,polak,1,PiS
Tomasz Latos,polski,2,PiS
Tomasz Latos,unia,1,PiS
Tomasz Lenz,unia,2,PO
Tomasz Olichwer,polak,4,PO
Tomasz Olichwer,polski,5,PO
Tomasz Rzymkowski,sąd,3,PiS
Tomasz Szymański,konstytucja,4,PO
Tomasz Szymański,polak,1,PO
Tomasz Szymański,polski,7,PO
Tomasz Trela,konstytucja,1,Lewica
Tomasz Trela,polak,7,Lewica
Tomasz Trela,polski,7,Lewica
Tomasz Trela,sąd,3,Lewica
Tomasz Trela,unia,1,Lewica
Tomasz Zieliński,konstytucja,1,PiS
Tomasz Zieliński,polak,1,PiS
Tomasz Zimoch,konstytucja,4,PO
Tomasz Zimoch,polak,1,PO
Tomasz Zimoch,polski,12,PO
Tomasz Zimoch,sąd,2,PO
Tomasz Zimoch,trybunał,1,PO
Urszula Augustyn,polski,2,PO
Urszula Augustyn,sąd,1,PO
Urszula Nowogórska,polak,2,PSL
Urszula Nowogórska,polski,17,PSL
Urszula Nowogórska,unia,3,PSL
Urszula Pasławska,konstytucja,1,PSL
Urszula Rusecka,kobieta,1,PiS
Urszula Rusecka,konstytucja,1,PiS
Urszula Rusecka,polak,10,PiS
Urszula Rusecka,polski,17,PiS
Urszula Rusecka,trybunał,2,PiS
Urszula Rusecka,unia,4,PiS
Urszula Zielińska,kobieta,5,PO
Urszula Zielińska,konstytucja,4,PO
Urszula Zielińska,polak,3,PO
Urszula Zielińska,polski,20,PO
Urszula Zielińska,unia,4,PO
Violetta Porowska,polski,2,PiS
Violetta Porowska,sąd,1,PiS
Waldemar Andzel,polak,3,PiS
Waldemar Andzel,polski,9,PiS
Waldemar Andzel,unia,3,PiS
Waldemar Buda,kobieta,1,PiS
Waldemar Buda,konstytucja,2,PiS
Waldemar Buda,polak,13,PiS
Waldemar Buda,polski,2,PiS
Waldemar Sługocki,konstytucja,1,PO
Waldemar Sługocki,polak,1,PO
Waldemar Sługocki,polski,11,PO
Waldemar Sługocki,unia,11,PO
Wanda Nowicka,kobieta,41,Lewica
Wanda Nowicka,konstytucja,2,Lewica
Wanda Nowicka,polak,1,Lewica
Wanda Nowicka,polski,12,Lewica
Wanda Nowicka,praworządność,7,Lewica
Wanda Nowicka,sąd,15,Lewica
Wanda Nowicka,trybunał,1,Lewica
Wanda Nowicka,unia,12,Lewica
Wiesław Buż,polak,1,Lewica
Wiesław Buż,polski,6,Lewica
Wiesław Buż,sąd,1,Lewica
Wiesław Buż,unia,1,Lewica
Wiesław Janczyk,polak,3,PiS
Wiesław Janczyk,polski,5,PiS
Wiesław Janczyk,unia,3,PiS
Wiesław Krajewski,polski,7,PiS
Wiesław Krajewski,unia,1,PiS
Wiesław Szczepański,konstytucja,1,Lewica
Wiesław Szczepański,polak,2,Lewica
Wiesław Szczepański,polski,6,Lewica
Wiesław Szczepański,trybunał,2,Lewica
Wiesław Szczepański,unia,16,Lewica
Witold Czarnecki,polski,1,PiS
Witold Zembaczyński,polak,2,PO
Witold Zembaczyński,sąd,2,PO
Władysław Kosiniak-Kamysz,kobieta,6,PSL
Władysław Kosiniak-Kamysz,konstytucja,3,PSL
Władysław Kosiniak-Kamysz,polak,27,PSL
Władysław Kosiniak-Kamysz,polski,99,PSL
Władysław Kosiniak-Kamysz,sąd,17,PSL
Władysław Kosiniak-Kamysz,trybunał,2,PSL
Władysław Kosiniak-Kamysz,unia,5,PSL
Włodzimierz Czarzasty,kobieta,1,Lewica
Włodzimierz Czarzasty,konstytucja,9,Lewica
Włodzimierz Czarzasty,polak,32,Lewica
Włodzimierz Czarzasty,polski,65,Lewica
Włodzimierz Czarzasty,sąd,8,Lewica
Włodzimierz Czarzasty,trybunał,1,Lewica
Włodzimierz Czarzasty,unia,6,Lewica
Włodzimierz Nykiel,polski,3,PO
Wojciech Król,polak,2,PO
Wojciech Król,polski,5,PO
Wojciech Murdzek,polski,3,PiS
Wojciech Skurkiewicz,polski,3,PiS
Wojciech Zubowski,konstytucja,1,PiS
Wojciech Zubowski,polak,1,PiS
Wojciech Zubowski,polski,8,PiS
Wojciech Zubowski,sąd,2,PiS
Wojciech Zubowski,trybunał,1,PiS
Wojciech Zubowski,unia,2,PiS
Zbigniew Babalski,polski,2,PiS
Zbigniew Dolata,polski,2,PiS
Zbigniew Dolata,unia,2,PiS
Zbigniew Gryglas,polski,1,PiS
Zbigniew Gryglas,sąd,3,PiS
Zbigniew Konwiński,polak,1,PO
Zbigniew Konwiński,polski,3,PO
Zbigniew Rau,polski,3,PiS
Zbigniew Rau,sąd,1,PiS
Zbigniew Ziejewski,polak,1,PSL
Zbigniew Ziejewski,polski,10,PSL
Zbigniew Ziejewski,unia,8,PSL
Zbigniew Ziobro,kobieta,20,PiS
Zbigniew Ziobro,konstytucja,3,PiS
Zbigniew Ziobro,polak,9,PiS
Zbigniew Ziobro,polski,20,PiS
Zbigniew Ziobro,praworządność,3,PiS
Zbigniew Ziobro,sąd,23,PiS
Zbigniew Ziobro,trybunał,3,PiS
Zbigniew Ziobro,unia,6,PiS
Zdzisław Sipiera,polak,7,PiS
Zdzisław Sipiera,polski,27,PiS
Zdzisław Sipiera,unia,2,PiS
Zdzisław Wolski,kobieta,2,Lewica
Zdzisław Wolski,polak,1,Lewica
Zdzisław Wolski,sąd,2,Lewica
Zdzisław Wolski,unia,3,Lewica
Zofia Czernow,polak,7,PO
Zofia Czernow,polski,2,PO
Zofia Czernow,sąd,2,PO
Zofia Czernow,trybunał,1,PO
Zofia Czernow,unia,6,PO
